title,description,combined
Assessment 1,A comprehensive test on math,A comprehensive test on math Assessment 1
Assessment 2,A personality test,A personality test Assessment 2
Assessment 3,An intelligence test,An intelligence test Assessment 3
Assessment 4,A logical reasoning assessment,A logical reasoning assessment Assessment 4
Assessment 5,An emotional intelligence evaluation,An emotional intelligence evaluation Assessment 5
Assessment 6,A language proficiency test,A language proficiency test Assessment 6
Assessment 7,A leadership style assessment,A leadership style assessment Assessment 7
Assessment 8,A stress management test,A stress management test Assessment 8
Assessment 9,A technical skills evaluation,A technical skills evaluation Assessment 9
Assessment 10,A communication skills test,A communication skills test Assessment 10
Assessment 11,A spatial reasoning test,A spatial reasoning test Assessment 11
Assessment 12,A critical thinking test,A critical thinking test Assessment 12
Assessment 13,A teamwork capabilities assessment,A teamwork capabilities assessment Assessment 13
Assessment 14,A time management evaluation,A time management evaluation Assessment 14
Assessment 15,A cognitive flexibility test,A cognitive flexibility test Assessment 15
Assessment 16,An adaptability skills test,An adaptability skills test Assessment 16
Assessment 17,An attention to detail assessment,An attention to detail assessment Assessment 17
Assessment 18,A project management test,A project management test Assessment 18
Assessment 19,An ethical reasoning evaluation,An ethical reasoning evaluation Assessment 19
Assessment 20,A risk-taking tendencies test,A risk-taking tendencies test Assessment 20
Assessment 21,A multitasking efficiency evaluation,A multitasking efficiency evaluation Assessment 21
Assessment 22,A data interpretation test,A data interpretation test Assessment 22
Assessment 23,A systems thinking assessment,A systems thinking assessment Assessment 23
Assessment 24,A verbal reasoning test,A verbal reasoning test Assessment 24
Assessment 25,A numerical ability assessment,A numerical ability assessment Assessment 25
Assessment 26,A memory retention test,A memory retention test Assessment 26
Assessment 27,A decision-making style evaluation,A decision-making style evaluation Assessment 27
Assessment 28,An assertiveness test,An assertiveness test Assessment 28
Assessment 29,A conflict resolution skills test,A conflict resolution skills test Assessment 29
Assessment 30,An innovation mindset assessment,An innovation mindset assessment Assessment 30
Assessment 31,An empathy and compassion evaluation,An empathy and compassion evaluation Assessment 31
Assessment 32,A persuasion and influence skills test,A persuasion and influence skills test Assessment 32
Assessment 33,A problem-solving assessment,A problem-solving assessment Assessment 33
Assessment 34,A customer service aptitude test,A customer service aptitude test Assessment 34
Assessment 35,An entrepreneurial mindset test,An entrepreneurial mindset test Assessment 35
Assessment 36,A business acumen assessment,A business acumen assessment Assessment 36
Assessment 37,A workplace etiquette test,A workplace etiquette test Assessment 37
Assessment 38,An organizational skills assessment,An organizational skills assessment Assessment 38
Assessment 39,A collaboration potential test,A collaboration potential test Assessment 39
Assessment 40,An initiative-taking evaluation,An initiative-taking evaluation Assessment 40
Assessment 41,A curiosity and learning desire test,A curiosity and learning desire test Assessment 41
Assessment 42,A flexibility in behavior assessment,A flexibility in behavior assessment Assessment 42
Assessment 43,A diversity and inclusion awareness test,A diversity and inclusion awareness test Assessment 43
Assessment 44,A social awareness evaluation,A social awareness evaluation Assessment 44
Assessment 45,A professional ethics assessment,A professional ethics assessment Assessment 45
Assessment 46,A goal-setting and achievement test,A goal-setting and achievement test Assessment 46
Assessment 47,A workplace motivation evaluation,A workplace motivation evaluation Assessment 47
Assessment 48,A cyber awareness skills test,A cyber awareness skills test Assessment 48
Assessment 49,A digital literacy test,A digital literacy test Assessment 49
Assessment 50,A software proficiency evaluation,A software proficiency evaluation Assessment 50
Assessment 51,A cloud computing fundamentals test,A cloud computing fundamentals test Assessment 51
Assessment 52,A programming logic test,A programming logic test Assessment 52
Assessment 53,A cybersecurity basics assessment,A cybersecurity basics assessment Assessment 53
Assessment 54,A data analysis capability test,A data analysis capability test Assessment 54
Assessment 55,A machine learning understanding evaluation,A machine learning understanding evaluation Assessment 55
Assessment 56,An AI fundamentals test,An AI fundamentals test Assessment 56
Assessment 57,An IT troubleshooting skills test,An IT troubleshooting skills test Assessment 57
Assessment 58,A remote working readiness test,A remote working readiness test Assessment 58
Assessment 59,A adaptability to technology assessment,A adaptability to technology assessment Assessment 59
Assessment 60,A digital collaboration test,A digital collaboration test Assessment 60
Assessment 61,A UI/UX awareness test,A UI/UX awareness test Assessment 61
Assessment 62,A creative design thinking evaluation,A creative design thinking evaluation Assessment 62
Assessment 63,A marketing analytics understanding test,A marketing analytics understanding test Assessment 63
Assessment 64,A financial literacy assessment,A financial literacy assessment Assessment 64
Assessment 65,A market research skills test,A market research skills test Assessment 65
Assessment 66,A business communication test,A business communication test Assessment 66
Assessment 67,A presentation skills assessment,A presentation skills assessment Assessment 67
Assessment 68,A writing proficiency test,A writing proficiency test Assessment 68
Assessment 69,A reading comprehension assessment,A reading comprehension assessment Assessment 69
Assessment 70,A listening skills test,A listening skills test Assessment 70
Assessment 71,A cultural sensitivity evaluation,A cultural sensitivity evaluation Assessment 71
Assessment 72,A leadership potential test,A leadership potential test Assessment 72
Assessment 73,A career goal alignment test,A career goal alignment test Assessment 73
Assessment 74,A workplace behavior screening,A workplace behavior screening Assessment 74
Assessment 75,A long-term potential assessment,A long-term potential assessment Assessment 75
Assessment 76,An innovation capability test,An innovation capability test Assessment 76
Assessment 77,A customer empathy test,A customer empathy test Assessment 77
Assessment 78,A client handling assessment,A client handling assessment Assessment 78
Assessment 79,A B2B communication test,A B2B communication test Assessment 79
Assessment 80,An outbound sales readiness evaluation,An outbound sales readiness evaluation Assessment 80
Assessment 81,An inbound support potential test,An inbound support potential test Assessment 81
Assessment 82,A compliance understanding test,A compliance understanding test Assessment 82
Assessment 83,A negotiation style assessment,A negotiation style assessment Assessment 83
Assessment 84,A pricing strategy understanding test,A pricing strategy understanding test Assessment 84
Assessment 85,A business development readiness test,A business development readiness test Assessment 85
Assessment 86,A technical support capabilities evaluation,A technical support capabilities evaluation Assessment 86
Assessment 87,A knowledge management understanding test,A knowledge management understanding test Assessment 87
Assessment 88,An ERP systems awareness test,An ERP systems awareness test Assessment 88
Assessment 89,A performance monitoring evaluation,A performance monitoring evaluation Assessment 89
Assessment 90,A QA testing basics test,A QA testing basics test Assessment 90
Assessment 91,A software debugging skills assessment,A software debugging skills assessment Assessment 91
Assessment 92,A system design fundamentals test,A system design fundamentals test Assessment 92
Assessment 93,A API integration understanding evaluation,A API integration understanding evaluation Assessment 93
Assessment 94,A full-stack readiness test,A full-stack readiness test Assessment 94
Assessment 95,A DevOps awareness test,A DevOps awareness test Assessment 95
Assessment 96,An agile methodology evaluation,An agile methodology evaluation Assessment 96
Assessment 97,A SCRUM basics test,A SCRUM basics test Assessment 97
Assessment 98,A team leadership under pressure test,A team leadership under pressure test Assessment 98
Assessment 99,A operational efficiency evaluation,A operational efficiency evaluation Assessment 99
Assessment 100,A supply chain management knowledge test,A supply chain management knowledge test Assessment 100
Assessment 101,A logistics coordination test,A logistics coordination test Assessment 101
Assessment 102,An inventory management understanding evaluation,An inventory management understanding evaluation Assessment 102
Assessment 103,A procurement process knowledge test,A procurement process knowledge test Assessment 103
Assessment 104,A vendor management skills test,A vendor management skills test Assessment 104
Assessment 105,A product lifecycle awareness test,A product lifecycle awareness test Assessment 105
Assessment 106,A branding strategy understanding evaluation,A branding strategy understanding evaluation Assessment 106
Assessment 107,A digital marketing fundamentals test,A digital marketing fundamentals test Assessment 107
Assessment 108,A content marketing awareness test,A content marketing awareness test Assessment 108
Assessment 109,A SEO basics test,A SEO basics test Assessment 109
Assessment 110,A SEM strategy understanding test,A SEM strategy understanding test Assessment 110
Assessment 111,A social media marketing evaluation,A social media marketing evaluation Assessment 111
Assessment 112,An influencer marketing knowledge test,An influencer marketing knowledge test Assessment 112
Assessment 113,A product innovation capability test,A product innovation capability test Assessment 113
Assessment 114,A UI prototyping skills test,A UI prototyping skills test Assessment 114
Assessment 115,A wireframing understanding evaluation,A wireframing understanding evaluation Assessment 115
Assessment 116,A brand perception analysis skills test,A brand perception analysis skills test Assessment 116
Assessment 117,A customer journey mapping test,A customer journey mapping test Assessment 117
Assessment 118,A human-centered design evaluation,A human-centered design evaluation Assessment 118
Assessment 119,A data storytelling capability test,A data storytelling capability test Assessment 119
Assessment 120,A data visualization tools knowledge test,A data visualization tools knowledge test Assessment 120
Assessment 121,A database query writing test,A database query writing test Assessment 121
Assessment 122,A ETL process understanding evaluation,A ETL process understanding evaluation Assessment 122
Assessment 123,A BI tool usage evaluation,A BI tool usage evaluation Assessment 123
Assessment 124,A forecasting and prediction skills test,A forecasting and prediction skills test Assessment 124
Assessment 125,A statistical analysis fundamentals test,A statistical analysis fundamentals test Assessment 125
Assessment 126,A probability reasoning assessment,A probability reasoning assessment Assessment 126
Assessment 127,A machine learning model understanding test,A machine learning model understanding test Assessment 127
Assessment 128,An NLP basics assessment,An NLP basics assessment Assessment 128
Assessment 129,A computer vision understanding test,A computer vision understanding test Assessment 129
Assessment 130,An AI ethics evaluation,An AI ethics evaluation Assessment 130
Assessment 131,A reinforcement learning basics test,A reinforcement learning basics test Assessment 131
Assessment 132,A deep learning understanding test,A deep learning understanding test Assessment 132
Assessment 133,A neural networks fundamentals assessment,A neural networks fundamentals assessment Assessment 133
Assessment 134,A hardware troubleshooting test,A hardware troubleshooting test Assessment 134
Assessment 135,A networking fundamentals evaluation,A networking fundamentals evaluation Assessment 135
Assessment 136,A cloud deployment skills test,A cloud deployment skills test Assessment 136
Assessment 137,A Docker container basics test,A Docker container basics test Assessment 137
Assessment 138,A Kubernetes fundamentals evaluation,A Kubernetes fundamentals evaluation Assessment 138
Assessment 139,A CI/CD pipeline understanding test,A CI/CD pipeline understanding test Assessment 139
Assessment 140,A SaaS platform awareness test,A SaaS platform awareness test Assessment 140
Assessment 141,A PaaS understanding evaluation,A PaaS understanding evaluation Assessment 141
Assessment 142,A IaaS awareness test,A IaaS awareness test Assessment 142
Assessment 143,A software licensing and compliance test,A software licensing and compliance test Assessment 143
Assessment 144,A GDPR awareness evaluation,A GDPR awareness evaluation Assessment 144
Assessment 145,A HIPAA compliance basics test,A HIPAA compliance basics test Assessment 145
Assessment 146,An ISO 27001 knowledge test,An ISO 27001 knowledge test Assessment 146
Assessment 147,A financial reporting basics evaluation,A financial reporting basics evaluation Assessment 147
Assessment 148,A budgeting and forecasting skills test,A budgeting and forecasting skills test Assessment 148
Assessment 149,A tax compliance awareness test,A tax compliance awareness test Assessment 149
Assessment 150,A audit readiness evaluation,A audit readiness evaluation Assessment 150
Assessment 151,A fundraising strategy understanding test,A fundraising strategy understanding test Assessment 151
Assessment 152,An investor presentation evaluation,An investor presentation evaluation Assessment 152
Assessment 153,A business pitch preparation test,A business pitch preparation test Assessment 153
Assessment 154,A startup ecosystem awareness test,A startup ecosystem awareness test Assessment 154
Assessment 155,A business model innovation test,A business model innovation test Assessment 155
Assessment 156,A go-to-market strategy evaluation,A go-to-market strategy evaluation Assessment 156
Assessment 157,A growth hacking skills test,A growth hacking skills test Assessment 157
Assessment 158,A mobile marketing fundamentals test,A mobile marketing fundamentals test Assessment 158
Assessment 159,A email campaign analysis test,A email campaign analysis test Assessment 159
Assessment 160,A customer feedback analysis evaluation,A customer feedback analysis evaluation Assessment 160
Assessment 161,A helpdesk system understanding test,A helpdesk system understanding test Assessment 161
Assessment 162,A ticket resolution skills assessment,A ticket resolution skills assessment Assessment 162
Assessment 163,A product support capability test,A product support capability test Assessment 163
Assessment 164,A software version control basics test,A software version control basics test Assessment 164
Assessment 165,A Git operations test,A Git operations test Assessment 165
Assessment 166,A branching strategy understanding evaluation,A branching strategy understanding evaluation Assessment 166
Assessment 167,A build and release management test,A build and release management test Assessment 167
Assessment 168,A QA automation fundamentals test,A QA automation fundamentals test Assessment 168
Assessment 169,A Selenium test scripting evaluation,A Selenium test scripting evaluation Assessment 169
Assessment 170,A test case writing skills assessment,A test case writing skills assessment Assessment 170
Assessment 171,A software documentation writing test,A software documentation writing test Assessment 171
Assessment 172,A technical writing fundamentals evaluation,A technical writing fundamentals evaluation Assessment 172
Assessment 173,A process flow documentation test,A process flow documentation test Assessment 173
Assessment 174,A ISO compliance documentation test,A ISO compliance documentation test Assessment 174
Assessment 175,A support knowledge base writing evaluation,A support knowledge base writing evaluation Assessment 175
Assessment 176,A scripting basics test,A scripting basics test Assessment 176
Assessment 177,A Bash and Shell scripting evaluation,A Bash and Shell scripting evaluation Assessment 177
Assessment 178,A PowerShell fundamentals test,A PowerShell fundamentals test Assessment 178
Assessment 179,A automation with Python assessment,A automation with Python assessment Assessment 179
Assessment 180,A regular expressions understanding test,A regular expressions understanding test Assessment 180
Assessment 181,A file system structure basics test,A file system structure basics test Assessment 181
Assessment 182,A operating system concepts evaluation,A operating system concepts evaluation Assessment 182
Assessment 183,A software installation troubleshooting test,A software installation troubleshooting test Assessment 183
Assessment 184,A virtualization tools basics evaluation,A virtualization tools basics evaluation Assessment 184
Assessment 185,A VMWare and Hyper-V fundamentals test,A VMWare and Hyper-V fundamentals test Assessment 185
Assessment 186,A Linux administration basics test,A Linux administration basics test Assessment 186
Assessment 187,A Windows OS configuration test,A Windows OS configuration test Assessment 187
Assessment 188,A IT asset management awareness test,A IT asset management awareness test Assessment 188
Assessment 189,A hardware compatibility evaluation,A hardware compatibility evaluation Assessment 189
Assessment 190,A productivity tool proficiency test,A productivity tool proficiency test Assessment 190
Assessment 191,A spreadsheet operations test,A spreadsheet operations test Assessment 191
Assessment 192,A presentation design evaluation,A presentation design evaluation Assessment 192
Assessment 193,A document formatting skills test,A document formatting skills test Assessment 193
Assessment 194,A note-taking tool awareness test,A note-taking tool awareness test Assessment 194
Assessment 195,A calendar management evaluation,A calendar management evaluation Assessment 195
Assessment 196,A professional networking skills test,A professional networking skills test Assessment 196
Assessment 197,A resume writing and review test,A resume writing and review test Assessment 197
Assessment 198,A job interview readiness evaluation,A job interview readiness evaluation Assessment 198
Assessment 199,A career development planning test,A career development planning test Assessment 199
Assessment 200,A performance appraisal process understanding test,A performance appraisal process understanding test Assessment 200

